,Date,Metal,Energy,Microchips,Transport,Food
0,2022-02-01,,,,,
1,2022-02-02,0.006227575568553467,-0.01186965629290837,0.003009453954844199,-0.013877646037812608,-0.00431037592868555
2,2022-02-03,0.023661139280331867,-0.006030058907574909,-0.02537495642507559,-0.010458164520572688,0.013232622432705066
3,2022-02-04,0.021337135649678984,0.008441650893106889,-0.016173924610532797,-0.02575601993518528,-0.006031131483852925
4,2022-02-07,0.028575901352690725,0.008543165476586845,-0.010417160576935425,-0.011695993751040468,0.009153776762953258
5,2022-02-08,0.05206601024269353,-0.02184854597521535,0.015992213405882527,0.004368175114769723,0.010791800638097149
6,2022-02-09,0.05622756401910767,-0.014830678940587982,0.04101288978992179,0.02012753572761561,-0.0005074427842275409
7,2022-02-10,0.06879702614514716,0.0013041024613420493,0.023344918027378814,0.0257375788711538,0.00601406172314034
8,2022-02-11,0.09423518112950657,0.05980162516158716,0.0011847748366997646,0.01747958259219695,0.03234843551013866
9,2022-02-14,0.09790772881334409,0.039827261136965664,0.006542507716214674,0.02412907009923826,0.03732429627073497
10,2022-02-15,0.09329502347799234,0.023912277298297147,0.05384347297553127,0.038326356176679566,0.026420543341610037
11,2022-02-16,0.08895825700905902,0.026457134332920518,0.05425632468251251,0.03911682260258753,0.025952982440814232
12,2022-02-17,0.0966031807661798,0.04481844497154164,0.03346356672307893,0.04047572108963471,0.04973484124553518
13,2022-02-18,0.09662907448071567,0.03531218941173586,0.029288456214682457,0.039685163386862676,0.05766156559416946
14,2022-02-22,0.09425129017802325,0.030018761521046544,0.0261350833723355,0.036950944174520606,0.07258192282149101
15,2022-02-23,0.10001796413111363,0.061320546680635246,0.020646013829049625,0.03411117779458128,0.07645176266336806
16,2022-02-24,0.0849210708341761,0.0628007548298608,0.05927726624708862,0.042097523917968394,0.043024677320471216
17,2022-02-25,0.13337453745672745,0.05737567819467393,0.04795838591097179,0.04461435810270342,0.056833326793648276
18,2022-02-28,0.1325645339907915,0.10510771312489164,0.05189094584205933,0.04933108384800344,0.0516499491154192
19,2022-03-01,0.14548856075020367,0.13279165751726807,0.021302787555318003,0.04154314177949536,0.05759276569107352
20,2022-03-02,0.17849000848256225,0.1469971051761252,0.035856458345331355,0.04565780945299691,0.04839244753177785
21,2022-03-03,0.2103524905958507,0.15007378626744217,0.014378525778726114,0.03655096585406481,0.054386406035523915
22,2022-03-04,0.21778944393770883,0.20012232186779633,-0.006330560553112541,0.02424313429193603,0.05687767529208254
23,2022-03-07,0.21662080208737877,0.2604343839655541,-0.020419219903436425,-0.0007887663178813842,0.06957395467116245
24,2022-03-08,0.20213089162328224,0.29231311074135524,0.016115281167235374,0.01994632264958618,0.04885592071182443
25,2022-03-09,0.19634584987748216,0.23670224452409383,0.02289985724151955,0.029779290545788983,0.0332551241295449
26,2022-03-10,0.2411216135005576,0.2765732069758027,0.008916415357180352,0.03780129701495283,0.026775589810514422
27,2022-03-11,0.24828172988941333,0.2701417190107407,-0.002691368388045623,0.04055180386585078,0.025017121806863774
28,2022-03-14,0.22465392113566662,0.21299684000076247,-0.038625586174270476,0.03703604504153124,0.03363025205540371
29,2022-03-15,0.20702622993104192,0.16411693398889016,-0.009974503789328293,0.0418195344848602,0.026105928999009098
30,2022-03-16,0.21080560235449308,0.13806640959927674,0.0223647995241536,0.07131000624044725,0.007695860009667266
31,2022-03-17,0.22077906453056673,0.18171217872023226,0.023332047054566596,0.06700967488005061,0.0010526648471083089
32,2022-03-18,0.20936837373161077,0.16401850938133378,0.03411960931529312,0.06181341232382409,-0.0074260327860640185
33,2022-03-21,0.24909300863945605,0.20310862238394245,0.02397117690714312,0.04787588478292615,-0.005587851876678429
34,2022-03-22,0.23981818336843563,0.18317539616854273,0.026637982218909118,0.04778830048760163,-0.014593012824352214
35,2022-03-23,0.26056248412112093,0.2200338099543,0.015234890490148034,0.046201849849065724,-0.008863491259472278
36,2022-03-24,0.2752369443611662,0.21962672714496145,0.04931828965211049,0.04033846225090998,-0.014715785665008974
37,2022-03-25,0.28354691423851364,0.271003674656356,0.040693396604925436,0.03915462291754834,-0.008280822654804343
38,2022-03-28,0.2447461333079064,0.22010282551665084,0.03806772858002527,0.03551254454495201,-0.015616255407680857
39,2022-03-29,0.21341388990715693,0.20840264826958843,0.05531261495511619,0.04672236788654427,-0.014738312098538375
40,2022-03-30,0.2229267828534658,0.22413800512028614,0.02419873305227571,0.03888540824632236,-0.009931539583458937
41,2022-03-31,0.23769191942338108,0.23562141136015446,0.01986866679994992,0.04138178175678853,0.005183001620268302
42,2022-04-01,0.24489556499832799,0.2696399853534637,-0.00403179239155127,0.004918458135819703,0.022662494985991044
43,2022-04-04,0.2372338444783264,0.2563314342108014,0.001494262889479181,-0.009930152055245278,0.009973702798069084
44,2022-04-05,0.21923233546310383,0.2418331382159573,-0.04320633375147431,-0.02225074058075227,0.019623663354824128
45,2022-04-06,0.2233299495966834,0.25232018967977177,-0.06496910816533552,-0.04480544308788048,0.03549982763922177
46,2022-04-07,0.2338310337484384,0.2595709191400466,-0.07310987870186603,-0.05550522487050891,0.0418251382256527
47,2022-04-08,0.23756168201868944,0.29182489254856403,-0.09562889605861324,-0.062034612492983254,0.05013276424588753
48,2022-04-11,0.25701677518493304,0.28531894208980924,-0.09713645769077894,-0.0476942130709479,0.07074466536449098
49,2022-04-12,0.28128818915931353,0.32032351034422435,-0.09237646297858582,-0.04029497470443788,0.0797020340430925
50,2022-04-13,0.29855713351158597,0.3406866108550477,-0.08083602073050833,-0.019035391524794165,0.0754589102288612
51,2022-04-14,0.3244656390815661,0.3709122248448369,-0.0950820863908125,-0.0059084663924970915,0.08915179625101266
52,2022-04-18,0.3313129100890473,0.38852900945442115,-0.08000590406542762,-0.006995675469800178,0.0810719891930014
53,2022-04-19,0.32774134940202937,0.35306155779130743,-0.07598175178726496,0.004991457641667418,0.08012409590148106
54,2022-04-20,0.32460374496466127,0.36665098040866906,-0.08528796311579334,0.015525706084321245,0.09371327224119752
55,2022-04-21,0.2989619381438384,0.3201926434295912,-0.09905182338295648,0.030274926857375206,0.10542645204283341
56,2022-04-22,0.2925227618668438,0.30483125967849967,-0.09319844913816688,0.037751508448911064,0.1156244786605487
57,2022-04-25,0.24634057323389236,0.26276409030748304,-0.07974018933025295,0.036120418684020716,0.11332567685261297
58,2022-04-26,0.24122804325031133,0.2912602190232816,-0.0893988478326534,0.032737754928256146,0.12059936347886113
59,2022-04-27,0.25941497043383954,0.3103245343720169,-0.09548348919144123,0.03732940692653508,0.12781475292329048
60,2022-04-28,0.2544394497935911,0.31428370928744664,-0.07141843197068842,0.038388213757321044,0.11404289686805336
61,2022-04-29,0.2715002205176249,0.3197508929211619,-0.07076910705911144,0.04859400869819819,0.12867953108498908
62,2022-05-02,0.2468620837744715,0.31413595484234746,-0.04034786105363819,0.047300480115028964,0.10845580720757053
63,2022-05-03,0.2847709141730983,0.3635904075200942,-0.033412830580487274,0.052816060286406286,0.10779735712243133
64,2022-05-04,0.2792771814627222,0.3773327014485457,-0.024762892133768366,0.045483518605284434,0.09684618729920746
65,2022-05-05,0.24541347738287955,0.38651459228474017,-0.045599797865823244,0.053324314051151234,0.11632654580690849
66,2022-05-06,0.23703825130289213,0.40525922458251395,-0.056220196844475434,0.04180275061874794,0.13397236183806238
67,2022-05-09,0.22991023458601956,0.3045348575331037,-0.08556032186262064,0.024727975019348758,0.17220151926214666
68,2022-05-10,0.2189158397845703,0.30706551475947896,-0.07193274348890644,0.026988000332003104,0.16553729848610366
69,2022-05-11,0.2315498477714617,0.33706870903577824,-0.09774276498314116,0.02589645533450602,0.17966770055619308
70,2022-05-12,0.22596394193189018,0.3354089302862253,-0.08311946825667882,0.02433982665410661,0.18516235498088562
71,2022-05-13,0.23633627275340618,0.3681588991603255,-0.045322213742313266,0.027558416506023864,0.18567341473549126
72,2022-05-16,0.2544712283995989,0.41029921592074214,-0.06024028881443966,0.026168277696160702,0.18771771556140515
73,2022-05-17,0.2810485760104364,0.42114631434264305,-0.03633419203452737,0.045068713934744764,0.17010681615052925
74,2022-05-18,0.29173425350106164,0.4336337507570305,-0.03935222760441881,0.026227268628154166,0.14872175019567724
75,2022-05-19,0.30618289391105646,0.4384730679928246,-0.029987448405936923,0.02882491703861012,0.14690975035460507
76,2022-05-20,0.29116503700310914,0.43980464402662944,-0.029782576391995108,0.027766304255022245,0.1507787498907145
77,2022-05-23,0.31843456121930047,0.47112112458905697,-0.049649300560486,0.030029091642943317,0.15173834363652494
78,2022-05-24,0.32882610781227894,0.47799493304617835,-0.06947460655668625,0.010687159701002091,0.1753551068645074
79,2022-05-25,0.3360655016477978,0.5138912947709606,-0.060094257111470095,0.019466301888968696,0.16904210132309294
80,2022-05-26,0.34516784891673735,0.513200946241636,-0.03906996056774592,0.030304406150559515,0.14956441753835326
81,2022-05-27,0.3374226130155502,0.5164850132175087,-0.020463995773298493,0.029170564992645254,0.13374433524908302
82,2022-05-31,0.3172761475783412,0.4964512158026433,-0.02330591311656338,0.03055771054530343,0.1360310782323002
83,2022-06-01,0.3201085590534889,0.5466492563870502,-0.0259072802024235,0.025135611434178973,0.1300065452300634
84,2022-06-02,0.3364843369470092,0.5259512709227734,-0.00036109354633573343,0.02860656256249494,0.111153123309782
85,2022-06-03,0.33948919517920095,0.5674365126738534,-0.014763477742106956,0.04055272263990939,0.11994306368915386
86,2022-06-06,0.3535771677598287,0.569763740680524,-0.020145171175977805,0.04555373039112531,0.1258288768000495
87,2022-06-07,0.36523296849378184,0.6146686637488101,-0.015953391705452513,0.0366815961098268,0.12166484390156707
88,2022-06-08,0.3250638515972404,0.6123271390270626,-0.029244921339098062,0.010144271368567326,0.12739701284724414
89,2022-06-09,0.3075942497703188,0.6055460661962466,-0.03162620580490649,0.009126693440835165,0.13462443938371638
90,2022-06-10,0.31276092100985764,0.621581426059608,-0.0363828240522458,0.012492018304556263,0.16233562411601765
91,2022-06-13,0.29136237840457246,0.572758271173238,-0.061685846695321955,0.004574319872984178,0.17843325909334018
92,2022-06-14,0.29851446626228095,0.5542411198470909,-0.047295111473969365,0.017789984808003645,0.1785642544842665
93,2022-06-15,0.2897264492871927,0.5251312653468574,-0.04495882549272179,0.01552950397979136,0.16654661138635674
94,2022-06-16,0.26817781371418903,0.49347160609160157,-0.07962291391373721,0.0011288040650703213,0.1840609048782369
95,2022-06-17,0.25644751481970496,0.4056509790505691,-0.06467727325317774,0.003954194786305543,0.1825927329883139
96,2022-06-21,0.2483035373500122,0.4285516209128002,-0.06552967658126363,-0.010441029112025046,0.17750691815891373
97,2022-06-22,0.20314599538461087,0.3446547403572886,-0.07613405608950596,-0.020964767168139775,0.17399129396329505
98,2022-06-23,0.15847689682089916,0.27338294828137655,-0.0866700278849375,-0.02235219156318702,0.17487598349504907
99,2022-06-24,0.1764636241985491,0.26316452323780615,-0.07757623988041995,-0.018241786015281813,0.17280234500009684
100,2022-06-27,0.18278237146457488,0.3267535225239864,-0.0748413895802057,-0.017281171858108846,0.18561449791068774
101,2022-06-28,0.1945229306008882,0.3760077476473509,-0.08110192293418073,-0.013489772710558734,0.19535270971580587
102,2022-06-29,0.1601407341635679,0.32088741743343663,-0.09760655068929713,-0.02399920195701266,0.20904593920745862
103,2022-06-30,0.15763036657308294,0.2893161172134071,-0.10200863351998712,-0.017452583951723333,0.21409784158495881
104,2022-07-01,0.1306739061727169,0.2882899260391478,-0.14764931080546184,-0.01973659409484052,0.2175768959639619
105,2022-07-05,0.08731302764566529,0.21130046393259838,-0.13924600926198627,-0.019633479036979207,0.2076167599308003
106,2022-07-06,0.06652004524288335,0.17955090202175228,-0.13981948952110057,-0.035368557416162294,0.2048187061446638
107,2022-07-07,0.09687830075857984,0.23543575378272275,-0.10989670739261359,-0.03343453260378604,0.19134437247143654
108,2022-07-08,0.09505573036209292,0.24029122523473823,-0.10251085478120758,-0.03313413351360073,0.18777805771632994
109,2022-07-11,0.09405071030916012,0.2374771820654189,-0.11767189931583,-0.03526845391702682,0.19678696270890317
110,2022-07-12,0.11353439428673529,0.21727632241291284,-0.10795052778616021,-0.0175427187714271,0.2100452440529803
111,2022-07-13,0.13099532686824178,0.2320547955865575,-0.09945232385558145,-0.02234154196839855,0.2168410811347743
112,2022-07-14,0.10459941396780126,0.21047964781839879,-0.07720521252407053,-0.02513042255536868,0.2057503832975356
113,2022-07-15,0.10377746644520736,0.21843080647954993,-0.0745416504678248,-0.022935708688521128,0.1842555056891062
114,2022-07-18,0.1302838901331167,0.2661421123730445,-0.07278977230019656,-0.009009961461162619,0.18468000794760675
115,2022-07-19,0.14480996856721196,0.27573879024202563,-0.0517178910933932,0.010250997746828139,0.16680461153364745
116,2022-07-20,0.13672905207352337,0.2913488418797341,-0.02471200946201879,0.0142247081094653,0.1563822950260929
117,2022-07-21,0.13205228595424545,0.24046071065342756,-0.01877467722835857,-0.002383583976042991,0.14362798842296232
118,2022-07-22,0.1191646375218891,0.23020929097405163,-0.04050377510675318,-0.005837649888696839,0.1562043615539328
119,2022-07-25,0.15454415391429133,0.3009253314706519,-0.04633186064637207,-0.004405197138912742,0.16553879543118177
120,2022-07-26,0.16853238480028332,0.31371640236303566,-0.04435701130764036,-0.00738159388129378,0.18516754151376102
121,2022-07-27,0.17152856990473175,0.3389497175920908,-0.017252361604531807,-0.008613785659449147,0.15641013660189795
122,2022-07-28,0.1676296361505225,0.3301557992760249,-0.0071683049261039855,0.012855939200197453,0.1573177872298468
123,2022-07-29,0.1846431570061411,0.35080882198248853,-0.0022273883814202255,0.016124526012384788,0.14634814449506184
124,2022-08-01,0.1873480958420337,0.3258637963598783,-0.005020493834070772,0.022903556654307877,0.16245973560660465
125,2022-08-02,0.15113059915708527,0.3498810966431014,0.010206563223795095,0.014395883235834406,0.16052035619192995
126,2022-08-03,0.12907554753865158,0.29820810010105125,0.02785080175736998,0.01511823900522713,0.14877298509843628
127,2022-08-04,0.1371503981377289,0.2458581580876542,0.024418376413064546,0.022744622554640603,0.14074146777601015
128,2022-08-05,0.15687423441607562,0.28771537158834093,0.01970767536926199,0.026874427136477363,0.1461345714647555
129,2022-08-08,0.1673947277960084,0.294956703209009,0.007172527790877625,0.03092279846929369,0.14613164261096645
130,2022-08-09,0.1784955719657746,0.3121682060462523,-0.035819224423338625,0.016569255178670694,0.1534706099138936
131,2022-08-10,0.18626376209434659,0.3045771937316868,-0.01258082770980884,0.02250646874968809,0.1358981583764689
132,2022-08-11,0.2006409002736136,0.3557633658976527,-0.01692783664218178,0.030898785772524473,0.13712700434611702
133,2022-08-12,0.1941643047083086,0.34819258248085827,0.0010373705379320697,0.02293217560022831,0.12668951001714546
134,2022-08-15,0.17687787421389167,0.3055863385230828,0.001164432710183183,0.015038588322400459,0.13123499592749366
135,2022-08-16,0.17866625172867812,0.30444320597311103,-0.00666103606601165,0.01847665972828416,0.13719929587718815
136,2022-08-17,0.16894465443403717,0.3268126040186319,-0.02667633611711684,-0.0016406531365261712,0.14295472420026045
137,2022-08-18,0.18148778570001411,0.37973602400874684,0.001825038839380344,0.0002730009228100183,0.14578753607538641
138,2022-08-19,0.17294697598908737,0.3726980363844399,-0.016365982758325237,-0.00907444605441532,0.15856513094553337
139,2022-08-22,0.17343567458062048,0.4066083321199816,-0.030342319920393157,-0.007010654609290734,0.16926232460287194
140,2022-08-23,0.2045847684639892,0.4451126324660377,-0.01967368170077899,-0.002440396047204918,0.17496511888915367
141,2022-08-24,0.20822475519167383,0.46979830671356515,-0.016173618275816093,-0.0002605921812205425,0.17652455120416288
142,2022-08-25,0.22089797626483398,0.4587328186330992,0.008530833745631794,0.004499516217877808,0.17095157941574501
143,2022-08-26,0.2341053577086507,0.4876825286428921,-0.01230605071011548,0.00424818298675822,0.1896804071042273
144,2022-08-29,0.24084603987714281,0.5145917235840063,-0.02255721660071608,-0.0014700008480786897,0.1971690033371476
145,2022-08-30,0.21010457770152335,0.45182471523719525,-0.021584623316584506,0.0006575781233386646,0.19668009781738527
146,2022-08-31,0.19663625635361393,0.4727739156631612,-0.02693577888248666,-0.007762714088175193,0.20061394159301127
147,2022-09-01,0.1557431600322825,0.41207695839371583,-0.06407169096136378,-0.011244172611876047,0.1935873792622076
148,2022-09-02,0.1700524964449055,0.47317012138144543,-0.05922154483726849,-0.011281598772804546,0.19345244642188986
149,2022-09-06,0.1705387953130264,0.4593501210645825,-0.0629717391026563,-0.009445660313646687,0.1840090611626357
150,2022-09-07,0.1619179380902498,0.4113337035237994,-0.062237321504485243,-0.013822108341719153,0.1849099259853919
151,2022-09-08,0.15312313512472042,0.41209696822638864,-0.05492006682331618,-0.024326964089736558,0.17175515172719602
152,2022-09-09,0.18678828608568798,0.43296140134537775,-0.05006764507951522,-0.017415723664001237,0.1592831248006361
153,2022-09-12,0.1890183953572302,0.4348206207220118,-0.05392160246863453,-0.013098716373573294,0.15071183748939032
154,2022-09-13,0.19680833939113707,0.45492047530292035,-0.06045945274500075,-0.0030843054951390503,0.16861283974715868
155,2022-09-14,0.15632402409142077,0.502870051401856,-0.052126730243670094,-0.0025423342182800956,0.16394727743931048
156,2022-09-15,0.1583031836447899,0.4733943109510541,-0.053903352941952365,-0.0012214448496565833,0.16833110812215213
157,2022-09-16,0.1557882329430118,0.4333625046347418,-0.046264582316034364,-0.03676304035229061,0.17572434008613924
158,2022-09-19,0.18116002469130654,0.4312679808721427,-0.04559585394657695,-0.02632580943268803,0.18043820575463299
159,2022-09-20,0.1674910815325008,0.42293702576387027,-0.048306971671864596,-0.02972541926422889,0.18375052843149997
160,2022-09-21,0.16533081218751033,0.42000150197946784,-0.0345941118574723,-0.02845394763309661,0.20467109972192432
161,2022-09-22,0.16958512770283685,0.4089529924693238,-0.05904480932707512,-0.046730905052354665,0.21170937455323258
162,2022-09-23,0.1423189244035401,0.32242213169536305,-0.05884777846120148,-0.05357782646461118,0.21359490215805477
163,2022-09-26,0.13293478508290835,0.3008915016744502,-0.05812491423076227,-0.05760563222826787,0.22060919050033911
164,2022-09-27,0.15508229667189877,0.33754830669638536,-0.039416749486239744,-0.039434981316297524,0.2084636195603664
165,2022-09-28,0.15455160505029375,0.39027654827088876,-0.03869136622510805,-0.035004263455396756,0.2040001250847685
166,2022-09-29,0.1477706532087777,0.40456419119584774,-0.047111469023683905,-0.03834192770584055,0.2125694158554141
167,2022-09-30,0.14892977509662764,0.42160206671340394,-0.05101370683975592,-0.037221070003458645,0.21785596646127514
168,2022-10-03,0.1918371630448894,0.47210681347426875,-0.038574073891662564,-0.03236448133729175,0.20980659728431883
169,2022-10-04,0.2007566838384185,0.4921259781521601,-0.024187939281675064,-0.021564601232950897,0.20023288499115965
170,2022-10-05,0.1935437587672233,0.5235993602093314,-0.018336100681697554,-0.026924441467020443,0.19819684407121962
171,2022-10-06,0.1926329541433549,0.5518284388648367,-0.015091034474649767,-0.016987058742424788,0.19165960800207604
172,2022-10-07,0.2076954961612658,0.5754814688465701,-0.04089252659091114,-0.01874137356648553,0.21716394132332395
173,2022-10-10,0.23173020086817586,0.5521536549559067,-0.063437522553356,-0.012407889652304438,0.2413649249662717
174,2022-10-11,0.2348406823351663,0.5490250651650648,-0.0767193550850177,-0.009861643054044467,0.2563821056164002
175,2022-10-12,0.2360329584032106,0.5612077943476801,-0.08847959260692906,0.00572774874748605,0.26566110080818794
176,2022-10-13,0.23924198217348236,0.5817746980523644,-0.08426655196396249,-0.008537811901025982,0.26053111609159374
177,2022-10-14,0.2177379410268161,0.5484962947694816,-0.10455682888432327,-0.0005336054955880076,0.26236028327970784
178,2022-10-17,0.23156082427665092,0.5491666932118429,-0.10536554316703661,-0.0033195103356067346,0.24358082639206002
179,2022-10-18,0.22845451046588772,0.5493962810513151,-0.11136882490447453,-0.0029134393242756795,0.24806741992257453
180,2022-10-19,0.23942065384908684,0.5961861468587752,-0.10637273055603014,-0.010690288519391689,0.24730718337493585
181,2022-10-20,0.2578022208852453,0.5986432490345319,-0.0953233936643445,-0.023930541148400986,0.23960110422418612
182,2022-10-21,0.27998013103992414,0.6011591737354032,-0.08294847068129518,-0.02953668193384784,0.22925293880222797
183,2022-10-24,0.2582201579939727,0.5858773915311297,-0.09669673943583823,-0.02189512875368904,0.23452159828295227
184,2022-10-25,0.2493875483808956,0.5760217567511132,-0.08446182072514574,-0.019263190671945596,0.23269857430558716
185,2022-10-26,0.26742119805509934,0.6226623659315833,-0.08439384887099932,-0.004688262755448314,0.2499182465480585
186,2022-10-27,0.2650347949672851,0.6287102799256687,-0.08626172924627196,-0.0013709724122945577,0.2646080132916746
187,2022-10-28,0.22815487534968937,0.5862831116268994,-0.0757797870293796,-0.012119780968183447,0.256990739535891
188,2022-10-31,0.24866501620505255,0.6283515549446723,-0.08316397526839259,-0.0007051542213634132,0.2664646665928059
189,2022-11-01,0.27782383783981146,0.6427686842995386,-0.06656562834722157,0.009295552371744842,0.26656938720616585
190,2022-11-02,0.2423293657877934,0.6486864816194615,-0.06338123571821652,-0.00022400028711233588,0.2843101936831005
191,2022-11-03,0.2676884553611947,0.6987982511254225,-0.0613553772791362,0.0065690718659483505,0.2982512099994088
192,2022-11-04,0.33328883522442476,0.7090847654337094,-0.035072858540876606,0.014223361590665062,0.2924977971676226
193,2022-11-07,0.3300674986476986,0.7440628379631029,-0.03496338434819091,0.023244921584130163,0.2919695423039419
194,2022-11-08,0.3372354546392575,0.7241799155787543,-0.023866109713915784,0.014982070481223131,0.2887682837307346
195,2022-11-09,0.3289888210575125,0.6465432917339515,-0.03303317629352576,0.011307988141904257,0.2961216848428867
196,2022-11-10,0.29989603501532636,0.6156021951750523,0.004105955854795562,0.018640326647131333,0.24515483012823358
197,2022-11-11,0.31503161227595555,0.636961287943786,0.019427142626453175,0.02890769310904462,0.21085889880478725
198,2022-11-14,0.3310729044779228,0.6287183834842163,0.02009181255366288,0.034959688589627724,0.21452454130144516
199,2022-11-15,0.33238550026772784,0.6480880606032176,0.045878467177019155,0.04155233868408437,0.2121256149005093
200,2022-11-16,0.32631941974100376,0.6235993170497605,0.004584792038263785,0.021761218186178377,0.2358354102553275
201,2022-11-17,0.33017522812221856,0.623690349904076,0.017691704338225422,0.016756765027688747,0.23794219917858994
202,2022-11-18,0.31729216866770527,0.6011273068248795,0.024138706838134905,0.01782118990945869,0.2372860847245719
203,2022-11-21,0.3308833276075238,0.5772320569918594,0.005090938201102846,0.018543051042566594,0.2626347985014734
204,2022-11-22,0.3386585166046885,0.614892682843871,0.019867306700517284,0.0063751419550641675,0.2509138126423067
205,2022-11-23,0.3229490422940666,0.581877904559492,0.02798748597527223,0.00911617915863605,0.2464994222435073
206,2022-11-25,0.32546759507121603,0.5816220067358535,0.016923525750590196,0.016276823050697775,0.24889471634561366
207,2022-11-28,0.31874109114495663,0.5548979354861632,0.0044859464769231305,0.007668436277866064,0.2620841057913803
208,2022-11-29,0.3409600796393002,0.5825519071845797,0.0018458970891719328,0.02047008323784061,0.2606217079068771
209,2022-11-30,0.3280758978477849,0.5580566274914383,0.02758507160848067,0.01084797357627032,0.24507124191003626
210,2022-12-01,0.32327205769059053,0.5352394346524416,0.01790356708821661,0.004848134116240077,0.23999534742000206
211,2022-12-02,0.3440705522674752,0.5388965810565218,0.012935097248976346,0.005856286603398653,0.25054629811236895
212,2022-12-05,0.3348873658733007,0.4951752727239136,0.017243631002199722,-0.0016562789848010295,0.2564901568532272
213,2022-12-06,0.3661672394044313,0.48278094707921193,0.0067709296231317495,0.005423703408628855,0.2637269684089627
214,2022-12-07,0.35626627073460626,0.4646540271199895,0.009151877208780856,-0.008097639524515254,0.2705537002910323
215,2022-12-08,0.3465117040281793,0.43500205725992136,0.02637556007263875,-0.015485301527132234,0.26535282595574605
216,2022-12-09,0.32359762128567504,0.4115305185709415,0.02145284503677658,-0.010826926686376637,0.26337258924960727
217,2022-12-12,0.31785367455083424,0.4434330287129249,0.019798546100169734,-0.001527188112343869,0.25587600620001805
218,2022-12-13,0.3173793589419096,0.46390362356838555,0.032724230743867766,-0.01335763702386239,0.24027894592992527
219,2022-12-14,0.32298379084493556,0.46429692477807905,0.025311793732105015,-0.0039881856404334615,0.2474395632234947
220,2022-12-15,0.311576525236549,0.49762733470074205,0.010866957111427045,-0.006116951429391726,0.2620731646489356
221,2022-12-16,0.3489690377455894,0.4890751566938971,0.013442567642949266,-0.007530995481937364,0.2737532075988911
222,2022-12-19,0.34611573159295816,0.48532879385141814,0.003172804940367424,-0.018492792988117013,0.2839681509240535
223,2022-12-20,0.37677947092615627,0.5142764999814626,0.0002358365179699895,-0.02882689938353178,0.28153060019287524
224,2022-12-21,0.38634961918957744,0.5276117239420679,0.00891342050066779,-0.02604960947777235,0.2780322067773986
225,2022-12-22,0.3827832137321161,0.5060774271201836,-0.007725040060119204,-0.025283361113233482,0.2914074163138649
226,2022-12-23,0.38575967295518687,0.5526070417282336,-0.017868599562820386,-0.023639467278982806,0.29227342657869504
227,2022-12-27,0.396873994466473,0.5671248450690898,-0.034339713533862226,-0.02647167461698441,0.3041641665446666
228,2022-12-28,0.38531134733150196,0.5229475326964856,-0.040238511318015924,-0.032566386350151855,0.304083632098332
229,2022-12-29,0.38430834011360226,0.5357417248787448,-0.025590663581329887,-0.028563691362157084,0.2860354926447901
230,2022-12-30,0.37633983120787295,0.5448844139808815,-0.021919562699052153,-0.031903568511316927,0.2838925984411804
231,2023-01-03,0.36219652509714306,0.46675274224328556,-0.031290224497980135,-0.03228081745770117,0.2787195462766652
232,2023-01-04,0.381068376877872,0.46185534782418514,-0.02012351784958022,-0.02000521724712212,0.27248489547298593
233,2023-01-05,0.4137585601139744,0.4854213231100808,-0.02824417910021637,-0.015804805001722544,0.2855260528321282
234,2023-01-06,0.4304035504743309,0.4887758956522852,-0.0035223142556412013,-0.007316198607978497,0.2881206375767562
235,2023-01-09,0.41979631747385215,0.5083867764293786,0.022658234973480074,0.006221903813895979,0.27626006490428145
236,2023-01-10,0.45789210446039696,0.5142755437060407,0.03592426198493648,0.010746118788037329,0.2654463925410424
237,2023-01-11,0.4573782754906395,0.4964590938431497,0.032397924985932525,0.011161826335799985,0.250572696725301
238,2023-01-12,0.4743713716824778,0.5306124957043588,0.04255550718220946,0.027373062691742334,0.2406915498821378
239,2023-01-13,0.48401353739861297,0.53272081622408,0.04953807246235331,0.023008387567291955,0.24208649588116016
240,2023-01-17,0.4704303731440389,0.543502704465489,0.05700416359259686,0.02627171434544362,0.24851491396432213
241,2023-01-18,0.48197005771092427,0.5229055838749253,0.07638106386118038,0.03782837194803634,0.2293430828830414
242,2023-01-19,0.4864036168611747,0.5531463299877699,0.04919694211873482,0.03372592783277706,0.23051804952436195
243,2023-01-20,0.49015161547584074,0.5458792183500805,0.05770438998757976,0.03599809603019244,0.20833787781031066
244,2023-01-23,0.4663124514703272,0.5422760980545913,0.0950182752585711,0.03471968438039785,0.1949557910099211
245,2023-01-24,0.46447776322891277,0.5325640165567749,0.08655650286972238,0.031270181115499174,0.2030251391610285
246,2023-01-25,0.47936756497718824,0.5409851900979206,0.09080587698422793,0.03194246463813477,0.21237999787108874
247,2023-01-26,0.5045151528639786,0.5415320075923407,0.09785443702667118,0.018896953541477357,0.19624690276664492
248,2023-01-27,0.48970150266177437,0.5239562602231325,0.09620136662786671,0.03053035558149375,0.18973850154467664
249,2023-01-30,0.49422667256803465,0.5123429141922062,0.07820287070826315,0.024641899574437076,0.20646363453860084
250,2023-01-31,0.4967574791301874,0.5191150741137229,0.08839626214204643,0.04131371652419591,0.20640374681844098
251,2023-02-01,0.49558746833026057,0.4865901389902707,0.1317061028832074,0.05788367570900954,0.19756365329873993
252,2023-02-02,0.47057041290301815,0.4472229302608943,0.1334653122819962,0.07349833962575358,0.16655471155281565
253,2023-02-03,0.49319122919813707,0.46134388723508013,0.1268144481204163,0.07432888474549926,0.17661724110067256
254,2023-02-06,0.47825769334749646,0.454591339845251,0.1160581986702649,0.07290236800526317,0.19138938353106516
255,2023-02-07,0.45982466677508493,0.48203966458873215,0.13053633840671375,0.07834611176460493,0.17023862877919393
256,2023-02-08,0.4607685232730079,0.48662896092329966,0.12168644310351251,0.08551745286047363,0.17801230428681825
257,2023-02-09,0.45152379405369336,0.4718042178751922,0.13797761975159273,0.061832133276713774,0.18133021715324338
258,2023-02-10,0.46015730779104036,0.5273694258640877,0.12296570380316219,0.04796664792061622,0.19250844092643793
259,2023-02-13,0.46078468034772513,0.5054123970267361,0.12846047569925023,0.044456917250890626,0.18849729011486627
260,2023-02-14,0.47689405250075056,0.515321708211081,0.14806199376942675,0.05934569646709509,0.17860199240374186
261,2023-02-15,0.4873650676492529,0.4984948511083491,0.1401017362836363,0.061126615415080465,0.1806247852217624
262,2023-02-16,0.5170960443383474,0.5108864721628681,0.12908407138414302,0.0628977505887458,0.1937821482785138
263,2023-02-17,0.5147663513095124,0.45672303577335027,0.11821671195635952,0.06484371872870853,0.21073282930978943
264,2023-02-21,0.510044130936099,0.4548467280850592,0.10053744851569424,0.05504617610787732,0.2339196671503152
265,2023-02-22,0.5111402525407351,0.4484814246840556,0.10251022622243089,0.05616144519647204,0.24270911275102858
266,2023-02-23,0.49693352666394364,0.47778081627940083,0.12158894425877098,0.06855236477885396,0.24033490884671904
267,2023-02-24,0.4939701304087014,0.513204462167413,0.12307705315711504,0.06745047334196141,0.24708504498230854
268,2023-02-27,0.5095391946485435,0.5253124438934453,0.12605117002110644,0.07174890638607145,0.2446733692921519
269,2023-02-28,0.5070705891464695,0.5178266563438501,0.13934012070876656,0.07237396675381325,0.23595240986274457
270,2023-03-01,0.5458100695432027,0.5563658107575509,0.15670085190502414,0.07873536972370587,0.23137719538085433
271,2023-03-02,0.5566904041400997,0.5632515787973007,0.1509179285420803,0.08736747832387692,0.23518678977677676
272,2023-03-03,0.5568213234817674,0.5738373918503219,0.15634537429597906,0.07615918657062348,0.2184656596313368
273,2023-03-06,0.5245966623312395,0.5427817329906077,0.14112553902880198,0.05734945284471693,0.21386573830524247
274,2023-03-07,0.5215952008353595,0.5431639170108973,0.14813898153750604,0.07039912111179536,0.2244648880288833
275,2023-03-08,0.5395082115508509,0.5213430960493108,0.17047091961018945,0.07546109532437795,0.22170604783265047
276,2023-03-09,0.5218757905638132,0.49968710179610043,0.1692812616934425,0.06648405120058642,0.2267380330798454
